Thats enough DotA for the night.|v.redd.it||highlight
EE having issues with his chair|clips.twitch.tv||highlight esports
Black just killed Open AI|clips.twitch.tv||highlight
EE makes a call|clips.twitch.tv||highlight
ah fu ES play|clips.twitch.tv||highlight esports
Jerax Kicks Fat Kid Into Bullies|clips.twitch.tv||highlight automod
2GD is BACK|clips.twitch.tv||highlight
zai's audio creepily accurate|clips.twitch.tv||highlight
Playing venge in new patch and didnt expect this to happen|gfycat.com||highlight
Unexpected game end Fnatic vs Secret|clips.twitch.tv||highlight esports
Amazing Camerawork|clips.twitch.tv||highlight esports
Calculated Triple Raze Nether Swap|v.redd.it||highlight
Outplayed.mp4|gfycat.com||highlight
Demon with the sick tranquil boot plays|clips.twitch.tv||highlight
R.I.P Slacks|clips.twitch.tv||highlight esports
Jimmy with the unbelievable ending of the game|clips.twitch.tv||highlight
Typical SEA bait|gfycat.com||highlight
Grand Theft Ogre|gfycat.com||highlight
SingSing, the best Chen player in the world|clips.twitch.tv||highlight
200 IQ pangocounter|gfycat.com||highlight
Arteezy 9k juke|clips.twitch.tv||highlight
My life supporting at 2k|gfycat.com||highlight
lgd sick dark rift dominator play|clips.twitch.tv||highlight esports
Abed fountain zip|clips.twitch.tv||highlight
A Pangolier play I did.|gfycat.com||highlight
Nicest thing happened to me in dota 2|clips.twitch.tv||highlight
Navi Fnatic Base Race|clips.twitch.tv||highlight esports
1 Dagger and I'm die|gfycat.com||highlight
Envy Mana Void|clips.twitch.tv||highlight esports
General stole arcana from Dendi while he was away|clips.twitch.tv||highlight
You know you fucked up when people are choosing this over the main stream|clips.twitch.tv||highlight esports
Grill streamer drops her bottle|clips.twitch.tv||highlight
PPD tells Nahaz how it is.|clips.twitch.tv||highlight
the dumbest thing I've ever seen -Purge|clips.twitch.tv||highlight esports
Sumail Aegis Snatch|clips.twitch.tv||highlight esports
Miracle makes a play as level 1 Rubick|clips.twitch.tv||highlight
Bulba ends the game with an insane Slardar initiation|clips.twitch.tv||highlight esports
Smooth fucking delivery by ODPixel|clips.twitch.tv||highlight esports
hot korean grill febby stream Kreygasm|clips.twitch.tv||highlight
Jack Off LUL|clips.twitch.tv||highlight esports
rofl monitor vs chair i fucking died|clips.twitch.tv||highlight esports
God-like Tether escape|clips.twitch.tv||highlight esports
Casters don't notice insane tp cancel by zai's Chen|clips.twitch.tv||highlight esports
The horrific realization....|clips.twitch.tv||highlight esports
Redeye officially joins the Reddit community|clips.twitch.tv||highlight esports
this isnt ok|gfycat.com||highlight
Sing sing does Infinity Wisp!|clips.twitch.tv||highlight
Typical Antimage team fight contributions|gfycat.com||highlight
singsing's amazing chen strat|clips.twitch.tv||highlight
VP 5 Man Combo!|clips.twitch.tv||highlight esports
We cost firstblood guy his job. FeelsBadMan|clips.twitch.tv||highlight esports
Lizzard with the amazing pre cast purge to get out of global silence in a pro game!|clips.twitch.tv||highlight esports
Learning to play Earth Spirit|gfycat.com||highlight
~50/50 EE eats 4 mangos and dies | EE next level mango medusa strat~|clips.twitch.tv||highlight
midone sunstrike - from LUL to Kreygasm|gfycat.com||highlight
Zai the ultimate support player|clips.twitch.tv||highlight esports
attacker kunkka boys|clips.twitch.tv||highlight
Shadow Shaman vs Anti Mage|gfycat.com||highlight
Team Secret Lays it Down|clips.twitch.tv||highlight esports
First Blood at Galaxy Battles II|clips.twitch.tv||highlight esports
Abed Insane Roshan Play|clips.twitch.tv||highlight esports
"Why am I even walking?" - Singsing|clips.twitch.tv||highlight
DJ gets a 360 no scope|clips.twitch.tv||highlight esports
1000 IQ Doom play|clips.twitch.tv||highlight
bulldog gets roasted by akinator|clips.twitch.tv||highlight
Why you shouldn't buy Aghs on Anti-Mage.|gfycat.com||highlight
Day[9] Bristleback fountain dive|clips.twitch.tv||highlight automod
Rolling Thunder doesn't stop in Lifestealer's Consume and Infest, leading to fun combos|gfycat.com||highlight automod
Techies stealth kills the ancient in one hit.|clips.twitch.tv||highlight
Classic IceIceIce|clips.twitch.tv||highlight esports
Best way to improve in Dota by syndereN|clips.twitch.tv||highlight
Oh that was me?|clips.twitch.tv||highlight esports
EG Major skit|clips.twitch.tv||highlight esports
IceIceIce trying to remove Twitch Ban|clips.twitch.tv||highlight esports
Slacks destroys DreamLeague|clips.twitch.tv||highlight esports
Neat little trick for when low on mana but need to TP by EE|clips.twitch.tv||highlight
A ravage|v.redd.it||highlight
High level NA dota teamfight|gfycat.com||highlight
Sinned to the rescue|clips.twitch.tv||highlight
Meanwhile, on the Chinese stream|clips.twitch.tv||highlight esports
GabeN cosplay|clips.twitch.tv||highlight esports
PA vs Pudge - AnimatorSteve|gfycat.com||highlight
The latest in Wraith King technology|gfycat.com||highlight
w33 dodging Maledict ticks|clips.twitch.tv||highlight
800 MMR Phase Shift outplay|clips.twitch.tv||highlight
Mineski insane level 1 Jebait|clips.twitch.tv||highlight esports
Casters reading dendi like a book|clips.twitch.tv||highlight esports
I'm never killing you again roshan|gfycat.com||highlight
Naga song + Cataclysm|streamable.com||highlight
Bulldog threatened by Starladder|clips.twitch.tv||highlight
Faceless Void advanced farming techniques|gfycat.com||highlight
Zai after losing to an AM|clips.twitch.tv||highlight
Rodeo savage af on ppd|clips.twitch.tv||highlight
OD Pixel is on the chinese panel! PogChamp|clips.twitch.tv||highlight esports
[fiftEE/fiftEE] EE baits his team into buying back and throwing / EE gets a 3 man chrono and wipes the enemy team|clips.twitch.tv||highlight
You are Chen 52 min into a game and your carry has abandon.. What do you do?|clips.twitch.tv||highlight esports
KAKA ES play|clips.twitch.tv||highlight esports
Arteezy stops by the TI Hub|clips.twitch.tv||highlight esports
Stay very very still|gfycat.com||highlight
I made it, Disruptor|clips.twitch.tv||highlight
Manta dodging the biggest stun in the game|gfycat.com||highlight
Skylark Surprise Black Hole|clips.twitch.tv||highlight esports
The tragedy of Puppey the Wise...|clips.twitch.tv||highlight esports
miracle dota rubick|clips.twitch.tv||highlight
We were playing Dota 2 drunk yesterday, this was our finest moment|gfycat.com||highlight
singSing discovered a new feature|clips.twitch.tv||highlight
Slacks's Revenge|clips.twitch.tv||highlight esports
Bulldog = Best puck in the world|clips.twitch.tv||highlight esports
Zai tricks rtx|clips.twitch.tv||highlight esports
7 "mud golems" at 2min on chen?|imgur.com||highlight
Jerax with the fake wards trick.|clips.twitch.tv||highlight esports
"Morphling cant defend this"|clips.twitch.tv||highlight esports
Annie is a furry|clips.twitch.tv||highlight esports
Sing kicks himself into his safety|clips.twitch.tv||highlight
2 Merlinis|clips.twitch.tv||highlight esports
jerax es vac kill|clips.twitch.tv||highlight esports
Sheever the best chinperson!|clips.twitch.tv||highlight
Jabz blink stolen Sunder initiation|clips.twitch.tv||highlight esports
CCnC tilted into the shadow realm by RTZ|clips.twitch.tv||highlight
just the usual|gfycat.com||highlight automod
EG got TI5'ed|clips.twitch.tv||highlight esports
Playing Invoker is so easy. What are you guys talking about?|gfycat.com||highlight
Finally did the Oracle trick I've always dreamed of|v.redd.it||highlight
Insane Abed Invoker WomboCombo|clips.twitch.tv||highlight esports
Tobi loses it|clips.twitch.tv||highlight esports
Bulldong finds himself on the global mmr leaderboard|clips.twitch.tv||highlight
Eternal Envy outplays Alchemist|clips.twitch.tv||highlight
Pangolier cancels a TP|gfycat.com||highlight
When you know your sven is about to die|gfycat.com||highlight
iceiceice ganks jabz|clips.twitch.tv||highlight esports
"I'm going to kill them all in 3 seconds"|clips.twitch.tv||highlight
The peak of Moonduck talent|clips.twitch.tv||highlight esports
Hi guys, I'm 400 MMR. This is the best play I've ever done, I'm really proud of it. :)|clips.twitch.tv||highlight
Black^ infected by Arteezy|clips.twitch.tv||highlight esports
Not that it mattered at this point, but Zfreek charged a creep and Moo killed all of the creeps so that the charge would switch over to SS through linkins.|clips.twitch.tv||highlight esports
Fnatic juked by Dreamocel(BoomID) PL|clips.twitch.tv||highlight esports
Outplaying Tinker|media.giphy.com||highlight
crazy eg secret fight and tobi loses it|clips.twitch.tv||highlight esports
Great Base Snipe by Infamous|clips.twitch.tv||highlight esports
This is why I love dota|clips.twitch.tv||highlight esports
GranDGrant message to Europe.|clips.twitch.tv||highlight
Ooh, a piece of candy!|streamable.com||highlight
Unbiased Casting of EG From Trent and Slacks|clips.twitch.tv||highlight esports
Rax got deleted by EE|clips.twitch.tv||highlight
Blitz and friends try epic meme combo|clips.twitch.tv||highlight
ES and crowd synchronised clap LUL|clips.twitch.tv||highlight esports
I am not a smart man|clips.twitch.tv||highlight automod
Meme Hammer strikes again|gfycat.com||highlight
50/50: EE saves ally by sunder and BKB TP out/EE sunders ally, uses BKB and TP, and they both die|clips.twitch.tv||highlight esports
Day9 gets a Dota orgasm.|clips.twitch.tv||highlight
50/50: EE gets ganked and destroyed/EE expertly avoids surprise gank|clips.twitch.tv||highlight
Paparazzi fake Omnislash play|clips.twitch.tv||highlight esports
The best use of cheese in history|clips.twitch.tv||highlight esports
RTZ gets Dreamcoiled|clips.twitch.tv||highlight
Day9 Survives a Legion Duel|clips.twitch.tv||highlight
Sumail glimpse sleight of fist dodge|clips.twitch.tv||highlight esports
ppd roasted by immortals|clips.twitch.tv||highlight esports
League Streamer's first impressions of Dota 2|clips.twitch.tv||highlight
Artour on Secret|clips.twitch.tv||highlight esports
VG.J Enter the Arena|clips.twitch.tv||highlight esports
Ice3 jukes|clips.twitch.tv||highlight esports
Volvo pls fix it before Sccc goes crazy|clips.twitch.tv||highlight esports
Blitz denied by Kuro|clips.twitch.tv||highlight
Insane Chen Send Back from Misery!|clips.twitch.tv||highlight esports
Elimination Mode III talent tree spectator notification|clips.twitch.tv||highlight esports
SamH just got Volvoed|clips.twitch.tv||highlight esports
I saved my Naga Siren from certain death!|gfycat.com||highlight
RTZ Sick manta dodge|clips.twitch.tv||highlight
Attacker kills bounty hunter (again)|clips.twitch.tv||highlight
Cap gets betrayed by Miley Cyrus|clips.twitch.tv||highlight
This is a professional dota 2 cast for a 3 million dollar tournament|clips.twitch.tv||highlight
TI winner's boots|clips.twitch.tv||highlight
Sumail finds out his MMR|clips.twitch.tv||highlight
~50/50 EE walks into a creep wave with 150 HP and dies | EE mirror image dodges raze~|clips.twitch.tv||highlight
Midas mode gets its first pause.|clips.twitch.tv||highlight esports
Matumbaman outplays an Axe|clips.twitch.tv||highlight
Sumail Ravage !!|clips.twitch.tv||highlight esports
"Non Biased" Casting by Bulldog|clips.twitch.tv||highlight esports
Matumbaman Next level build all makes sense|clips.twitch.tv||highlight
Liquid sick teamplay|clips.twitch.tv||highlight esports
n0tail cancel blackhole with troll net|clips.twitch.tv||highlight esports
Airline loses Matumbaman's shorts|clips.twitch.tv||highlight
Riki Cosplay at Galaxy Battles II|clips.twitch.tv||highlight esports
Aui insane enchantress skills|clips.twitch.tv||highlight
Notail Triple Aghs Eclipse PogChamp|clips.twitch.tv||highlight esports
FeelsAntiMageMan|gfycat.com||highlight automod
Welcome to 800 MMR|clips.twitch.tv||highlight
Bulldog gets Jebaited hard by OpenAI bot|clips.twitch.tv||highlight
How to get an arcane rune with Storm Spirit|clips.twitch.tv||highlight
peru doto|clips.twitch.tv||highlight esports
Liquid Motivational Quotes|clips.twitch.tv||highlight esports
Jet Fighter Phoenix is Fun|gfycat.com||highlight
Puppey SNIPES a can.|clips.twitch.tv||highlight esports
A Techies clip worth millions|clips.twitch.tv||highlight
Ex League pro with the hot midas play.|clips.twitch.tv||highlight
Foor Puck|clips.twitch.tv||highlight esports
The most NA dota teamfight|clips.twitch.tv||highlight esports
ODPixel presents DoTA - The Musical!|clips.twitch.tv||highlight
Run, Chicken, run!|gfycat.com||highlight
Double Suck between Bulba and CCnC|clips.twitch.tv||highlight esports
I should've died. NO, REALLY.|gfycat.com||highlight
singsing crazy global silence play|clips.twitch.tv||highlight
AdmiralBulldog looks up definition of "washed up"|clips.twitch.tv||highlight
Reso's insane spin prediction|clips.twitch.tv||highlight
Your real MDL Macau Minor Champions|clips.twitch.tv||highlight esports
1k Jebaited|gfycat.com||highlight
casual noone 1v5 at 7 min mark|clips.twitch.tv||highlight automod
No[o]ne with the camera interaction|clips.twitch.tv||highlight esports
FiftEE/FiftEE EE manages to rat and survives by juking through a single tree / DC finds him and kills.|clips.twitch.tv||highlight esports
UK Dota strikes again with one hell of a Chrono|clips.twitch.tv||highlight
Fata Offlane Pull|clips.twitch.tv||highlight esports
3 years ago, S4 won the Ti4 1v1 championship|gfycat.com||highlight esports
naga radiance illusion exploit?|clips.twitch.tv||highlight
Jack falls asleep on panel|clips.twitch.tv||highlight esports
So 7.00 Killed Disjointing?|gfycat.com||highlight
EE ganks himself|clips.twitch.tv||highlight esports
50/50 EE snipes courier past T2 tower with Alch / EE dies at enemy fountain 9 min into game|clips.twitch.tv||highlight
Xyclopzz crazy godly cast "Antimage harder to kill than Osama Bin Laden"|clips.twitch.tv||highlight esports
PLD VapeNation|clips.twitch.tv||highlight esports
BSJ insane coaching w/ rising pubstar.|clips.twitch.tv||highlight
catfish combo|clips.twitch.tv||highlight
Merlooni encounters first script-using Skywrath|clips.twitch.tv||highlight
EternaLEnVyy caught asking people to commit suicide.|clips.twitch.tv||highlight
7.07 Tidehunter OSFrog|clips.twitch.tv||highlight esports
Purge gets destroyed by a stripper|clips.twitch.tv||highlight
MSS Roar|clips.twitch.tv||highlight esports
Psi Blades|gfycat.com||highlight
Group B satisfying table|i.imgur.com||highlight esports
Kpii snatches the aegis three times in one game against VG (Dreamleague)|clips.twitch.tv||highlight esports
Febby CS PogChamp|clips.twitch.tv||highlight
matumba gets that ass|clips.twitch.tv||highlight esports
Techies vs tower|media.giphy.com||highlight
Immortals vs VGJ.Storm Epic ending|clips.twitch.tv||highlight esports
Rose makes incredible shackle play|clips.twitch.tv||highlight
Bulba with the perfect chat wheel timing|clips.twitch.tv||highlight esports
Slacks makes 4 Tombstones with Undying|clips.twitch.tv||highlight
The Amazing Escape (singsing)|clips.twitch.tv||highlight
Wacka Flocka Flame on DreamLeague|clips.twitch.tv||highlight esports
They do have the blink dagger on Doom to blink and DOOM!|clips.twitch.tv||highlight
New host pls|clips.twitch.tv||highlight esports
200 IQ Underlord Ult - Tobi loses it|twitter.com||highlight esports
Sing gets triggered by CCnC's skill build on Tiny|clips.twitch.tv||highlight esports
LeBron and Brewmaster syncronized drink|clips.twitch.tv||highlight esports
Arteezy armlet toggles for the rampage|clips.twitch.tv||highlight
4,700,000 viewers|clips.twitch.tv||highlight esports
Singsing defends the throne.|clips.twitch.tv||highlight
Where's your Sumail now??!|gfycat.com||highlight
GH feeds himself to rosh and then flames Miracle.|clips.twitch.tv||highlight esports
